,Ticker,Sector,Industry,Market Cap,Company Name
0,3MINDIA,Diversified,Diversified,442.94,3M India Limited
1,ABB,Industrials,Electrical Equipment,1646.49,ABB India Limited
2,360ONE,Financial Services,Capital Markets,399.57,360 ONE WAM LIMITED
3,ACC,Commodities,Cement & Cement Products,467.2,ACC Limited
4,AIAENG,Industrials,Industrial Products,425.98,AIA Engineering Limited
5,APLAPOLLO,Industrials,Industrial Products,409.64,APL Apollo Tubes Limited
6,AARTIIND,Commodities,Chemicals & Petrochemicals,268.81,Aarti Industries Limited
7,AUBANK,Financial Services,Banks,479.15,AU Small Finance Bank Limited
8,AAVAS,Financial Services,Finance,131.7,Aavas Financiers Limited
9,ABBOTINDIA,Healthcare,Pharmaceuticals & Biotechnology,388.2,Abbott India Limited
10,ACE,Industrials,Agricultural Commercial & Construction Vehicles,161.99,Action Construction Equipment Limited
11,ADANIENSOL,Utilities,Power,1422.48,Adani Energy Solutions Limited
12,ADANIENT,Commodities,Metals & Minerals Trading,3667.67,Adani Enterprises Limited
13,ADANIPORTS,Services,Transport Infrastructure,3434.94,Adani Ports and Special Economic Zone Limited
14,ADANIPOWER,Utilities,Power,2846.42,Adani Power Limited
15,ADANIGREEN,Utilities,Power,3012.75,Adani Green Energy Limited
16,ATGL,Energy,Gas,1006.93,Adani Total Gas Limited
17,ABFRL,Consumer Discretionary,Retailing,342.41,Aditya Birla Fashion and Retail Limited
18,AEGISLOG,Energy,Gas,269.78,Aegis Logistics Limited
19,ABCAPITAL,Financial Services,Finance,572.74,Aditya Birla Capital Limited
20,AWL,Fast Moving Consumer Goods,Agricultural Food & other Products,452.74,Adani Wilmar Limited
21,AFFLE,Information Technology,IT - Services,205.37,Affle (India) Limited
22,AJANTPHARM,Healthcare,Pharmaceuticals & Biotechnology,348.75,Ajanta Pharma Limited
23,AETHER,Commodities,Chemicals & Petrochemicals,118.76,Aether Industries Limited
24,APLLTD,Healthcare,Pharmaceuticals & Biotechnology,238.33,Alembic Pharmaceuticals Limited
25,ALKEM,Healthcare,Pharmaceuticals & Biotechnology,630.26,Alkem Laboratories Limited
26,ALKYLAMINE,Commodities,Chemicals & Petrochemicals,107.81,Alkyl Amines Chemicals Limited
27,ALLCARGO,Services,Transport Services,62.95,Allcargo Logistics Limited
28,ALOKINDS,Consumer Discretionary,Textiles & Apparels,131.83,Alok Industries Limited
29,AMBER,Consumer Discretionary,Consumer Durables,143.77,Amber Enterprises India Limited
30,AMBUJACEM,Commodities,Cement & Cement Products,1635.51,Ambuja Cements Limited
31,ANANDRATHI,Financial Services,Capital Markets,154.51,Anand Rathi Wealth Limited
32,ANURAS,Commodities,Chemicals & Petrochemicals,87.41,Anupam Rasayan India Limited
33,ANGELONE,Financial Services,Capital Markets,201.62,Angel One Limited
34,APARINDS,Industrials,Electrical Equipment,353.77,Apar Industries Limited
35,APOLLOHOSP,Healthcare,Healthcare Services,964.28,Apollo Hospitals Enterprise Limited
36,APTUS,Financial Services,Finance,157.08,Aptus Value Housing Finance India Limited
37,APOLLOTYRE,Consumer Discretionary,Auto Components,350.32,Apollo Tyres Limited
38,ACI,Commodities,Chemicals & Petrochemicals,96.79,Archean Chemical Industries Limited
39,ASHOKLEY,Industrials,Agricultural Commercial & Construction Vehicles,734.69,Ashok Leyland Limited
40,ASAHIINDIA,Consumer Discretionary,Auto Components,159.66,Asahi India Glass Limited
41,ASIANPAINT,Consumer Discretionary,Consumer Durables,2972.89,Asian Paints Limited
42,ASTERDM,Healthcare,Healthcare Services,183.92,Aster DM Healthcare Limited
43,ASTRAL,Industrials,Industrial Products,582.6,Astral Limited
44,ASTRAZEN,Healthcare,Pharmaceuticals & Biotechnology,176.11,AstraZeneca Pharma India Limited
45,ATUL,Commodities,Chemicals & Petrochemicals,230.96,Atul Limited
46,AUROPHARMA,Healthcare,Pharmaceuticals & Biotechnology,839.56,Aurobindo Pharma Limited
47,DMART,Consumer Discretionary,Retailing,3249.63,Avenue Supermarts Limited
48,AVANTIFEED,Fast Moving Consumer Goods,Food Products,96.62,Avanti Feeds Limited
49,BEML,Industrials,Agricultural Commercial & Construction Vehicles,189.76,BEML Limited
50,AXISBANK,Financial Services,Banks,3623.59,Axis Bank Limited
51,BSE,Financial Services,Capital Markets,357.83,BSE Limited
52,BLS,Consumer Discretionary,Leisure Services,149.96,BLS International Services Limited
53,BAJFINANCE,Financial Services,Finance,4191.63,Bajaj Finance Limited
54,BAJAJ-AUTO,Consumer Discretionary,Automobiles,2716.56,Bajaj Auto Limited
55,BAJAJFINSV,Financial Services,Finance,2610.22,Bajaj Finserv Limited
56,BAJAJHLDNG,Financial Services,Finance,1047.54,Bajaj Holdings & Investment Limited
57,BALKRISIND,Consumer Discretionary,Auto Components,646.81,Balkrishna Industries Limited
58,BALRAMCHIN,Fast Moving Consumer Goods,Agricultural Food & other Products,97.72,Balrampur Chini Mills Limited
59,BANDHANBNK,Financial Services,Banks,344.28,Bandhan Bank Limited
60,BANKBARODA,Financial Services,Banks,1299.3,Bank of Baroda
61,BALAMINES,Commodities,Chemicals & Petrochemicals,79.78,Balaji Amines Limited
62,BANKINDIA,Financial Services,Banks,574.14,Bank of India
63,MAHABANK,Financial Services,Banks,468.15,Bank of Maharashtra
64,BATAINDIA,Consumer Discretionary,Consumer Durables,208.24,Bata India Limited
65,BERGEPAINT,Consumer Discretionary,Consumer Durables,644.69,Berger Paints (I) Limited
66,BAYERCROP,Commodities,Fertilizers & Agrochemicals,345.08,Bayer Cropscience Limited
67,BDL,Industrials,Aerospace & Defense,531.61,Bharat Dynamics Limited
68,BEL,Industrials,Aerospace & Defense,2274.44,Bharat Electronics Limited
69,BHEL,Industrials,Electrical Equipment,1074.22,Bharat Heavy Electricals Limited
70,BHARATFORG,Consumer Discretionary,Auto Components,799.67,Bharat Forge Limited
71,BPCL,Energy,Petroleum Products,1514.57,Bharat Petroleum Corporation Limited
72,BHARTIARTL,Telecommunication,Telecom - Services,8570.79,Bharti Airtel Limited
73,BIOCON,Healthcare,Pharmaceuticals & Biotechnology,425.91,Biocon Limited
74,BIKAJI,Fast Moving Consumer Goods,Food Products,178.96,Bikaji Foods International Limited
75,BSOFT,Information Technology,IT - Software,177.66,BIRLASOFT LIMITED
76,BIRLACORPN,Commodities,Cement & Cement Products,119.53,Birla Corporation Limited
77,BLUEDART,Services,Transport Services,195.02,Blue Dart Express Limited
78,BLUESTARCO,Consumer Discretionary,Consumer Durables,361.11,Blue Star Limited
79,BBTC,Fast Moving Consumer Goods,Food Products,156.24,Bombay Burmah Trading Corporation Limited
80,BORORENEW,Industrials,Industrial Products,71.65,BOROSIL RENEWABLES LIMITED
81,BOSCHLTD,Consumer Discretionary,Auto Components,1013.72,Bosch Limited
82,BRIGADE,Consumer Discretionary,Realty,290.76,Brigade Enterprises Limited
83,BRITANNIA,Fast Moving Consumer Goods,Food Products,1380.21,Britannia Industries Limited
84,MAPMYINDIA,Information Technology,IT - Software,124.63,C.E. Info Systems Limited
85,CESC,Utilities,Power,241.04,CESC Limited
86,CGPOWER,Industrials,Electrical Equipment,1113.57,CG Power and Industrial Solutions Limited
87,CCL,Fast Moving Consumer Goods,Agricultural Food & other Products,87.71,CCL Products (India) Limited
88,CIEINDIA,Consumer Discretionary,Auto Components,223.79,CIE Automotive India Limited
89,CSBBANK,Financial Services,Banks,58.47,CSB Bank Limited
90,CAMPUS,Consumer Discretionary,Consumer Durables,96.81,Campus Activewear Limited
91,CRISIL,Financial Services,Finance,317.44,CRISIL Limited
92,CANFINHOME,Financial Services,Finance,111.18,Can Fin Homes Limited
93,CANBK,Financial Services,Banks,1022.17,Canara Bank
94,CAPLIPOINT,Healthcare,Pharmaceuticals & Biotechnology,120.39,Caplin Point Laboratories Limited
95,CARBORUNIV,Industrials,Industrial Products,325.16,Carborundum Universal Limited
96,CGCL,Financial Services,Finance,139.55,Capri Global Capital Limited
97,CASTROLIND,Energy,Petroleum Products,252.92,Castrol India Limited
98,CEATLTD,Consumer Discretionary,Auto Components,106.24,CEAT Limited
99,CENTRALBK,Financial Services,Banks,548.2,Central Bank of India
100,CELLO,Consumer Discretionary,Consumer Durables,206.43,Cello World Limited
101,CDSL,Financial Services,Capital Markets,254.75,Central Depository Services (India) Limited
102,CENTURYPLY,Consumer Discretionary,Consumer Durables,155.77,Century Plyboards (India) Limited
103,CERA,Consumer Discretionary,Consumer Durables,117.25,Cera Sanitaryware Limited
104,CENTURYTEX,Commodities,Paper Forest & Jute Products,256.45,Century Textiles & Industries Limited
105,CHALET,Consumer Discretionary,Leisure Services,181.69,Chalet Hotels Limited
106,CHAMBLFERT,Commodities,Fertilizers & Agrochemicals,209.06,Chambal Fertilizers & Chemicals Limited
107,CHEMPLASTS,Commodities,Chemicals & Petrochemicals,86.97,Chemplast Sanmar Limited
108,CHENNPETRO,Energy,Petroleum Products,153.2,Chennai Petroleum Corporation Limited
109,CHOLAHLDNG,Financial Services,Finance,290.6,Cholamandalam Financial Holdings Limited
110,CHOLAFIN,Financial Services,Finance,1168.48,Cholamandalam Investment and Finance Company Limited
111,CUB,Financial Services,Banks,127.22,City Union Bank Limited
112,CLEAN,Commodities,Chemicals & Petrochemicals,165.99,Clean Science and Technology Limited
113,CIPLA,Healthcare,Pharmaceuticals & Biotechnology,1248.64,Cipla Limited
114,COALINDIA,Energy,Consumable Fuels,3330.34,Coal India Limited
115,COCHINSHIP,Industrials,Industrial Manufacturing,678.83,Cochin Shipyard Limited
116,COFORGE,Information Technology,IT - Software,419.25,Coforge Limited
117,CAMS,Financial Services,Capital Markets,217.27,Computer Age Management Services Limited
118,COLPAL,Fast Moving Consumer Goods,Personal Products,917.73,Colgate Palmolive (India) Limited
119,CONCORDBIO,Healthcare,Pharmaceuticals & Biotechnology,167.49,Concord Biotech Limited
120,COROMANDEL,Commodities,Fertilizers & Agrochemicals,481.13,Coromandel International Limited
121,CONCOR,Services,Transport Services,632.48,Container Corporation of India Limited
122,CRAFTSMAN,Consumer Discretionary,Auto Components,132.26,Craftsman Automation Limited
123,CREDITACC,Financial Services,Finance,210.87,CREDITACCESS GRAMEEN LIMITED
124,CROMPTON,Consumer Discretionary,Consumer Durables,290.17,Crompton Greaves Consumer Electricals Limited
125,CUMMINSIND,Industrials,Industrial Products,1057.52,Cummins India Limited
126,CYIENT,Information Technology,IT - Services,195.76,Cyient Limited
127,DLF,Consumer Discretionary,Realty,2163.18,DLF Limited
128,DCMSHRIRAM,Diversified,Diversified,165.62,DCM Shriram Limited
129,DOMS,Fast Moving Consumer Goods,Household Products,139.35,DOMS Industries Limited
130,DALBHARAT,Commodities,Cement & Cement Products,340.07,Dalmia Bharat Limited
131,DABUR,Fast Moving Consumer Goods,Personal Products,1140.48,Dabur India Limited
132,DATAPATTNS,Industrials,Aerospace & Defense,177.27,Data Patterns (India) Limited
133,DEEPAKFERT,Commodities,Chemicals & Petrochemicals,117.99,Deepak Fertilizers And Petrochemicals Corporation Limited
134,DEEPAKNTR,Commodities,Chemicals & Petrochemicals,421.3,Deepak Nitrite Limited
135,DELHIVERY,Services,Transport Services,300.89,Delhivery Limited
136,DEVYANI,Consumer Discretionary,Leisure Services,210.02,Devyani International Limited
137,DIVISLAB,Healthcare,Pharmaceuticals & Biotechnology,1305.55,Divi's Laboratories Limited
138,DIXON,Consumer Discretionary,Consumer Durables,698.31,Dixon Technologies (India) Limited
139,DRREDDY,Healthcare,Pharmaceuticals & Biotechnology,1149.11,Dr. Reddy's Laboratories Limited
140,LALPATHLAB,Healthcare,Healthcare Services,258.71,Dr. Lal Path Labs Ltd.
141,EIDPARRY,Commodities,Fertilizers & Agrochemicals,141.39,EID Parry India Limited
142,EIHOTEL,Consumer Discretionary,Leisure Services,267.75,EIH Limited
143,EASEMYTRIP,Consumer Discretionary,Leisure Services,72.97,Easy Trip Planners Limited
144,EPL,Industrials,Industrial Products,69.8,EPL Limited
145,EICHERMOT,Consumer Discretionary,Automobiles,1361.5,Eicher Motors Limited
146,ELECON,Industrials,Industrial Manufacturing,142.83,Elecon Engineering Company Limited
147,EMAMILTD,Fast Moving Consumer Goods,Personal Products,359.72,Emami Limited
148,ELGIEQUIP,Industrials,Industrial Products,224.66,Elgi Equipments Limited
149,ENDURANCE,Consumer Discretionary,Auto Components,361.39,Endurance Technologies Limited
150,ENGINERSIN,Industrials,Construction,145.54,Engineers India Limited
151,ERIS,Healthcare,Pharmaceuticals & Biotechnology,152.32,Eris Lifesciences Limited
152,EXIDEIND,Consumer Discretionary,Auto Components,435.84,Exide Industries Limited
153,EQUITASBNK,Financial Services,Banks,91.25,Equitas Small Finance Bank Limited
154,ESCORTS,Industrials,Agricultural Commercial & Construction Vehicles,458.57,Escorts Kubota Limited
155,NYKAA,Consumer Discretionary,Retailing,549.42,FSN E-Commerce Ventures Limited
156,FACT,Commodities,Fertilizers & Agrochemicals,654.8,Fertilizers and Chemicals Travancore Limited
157,FDC,Healthcare,Pharmaceuticals & Biotechnology,81.8,FDC Limited
158,FINEORG,Commodities,Chemicals & Petrochemicals,169.24,Fine Organic Industries Limited
159,FINCABLES,Industrials,Industrial Products,233.1,Finolex Cables Limited
160,FINPIPE,Industrials,Industrial Products,194.95,Finolex Industries Limited
161,FSL,Services,Commercial Services & Supplies,209.79,Firstsource Solutions Limited
162,FORTIS,Healthcare,Healthcare Services,381.29,Fortis Healthcare Limited
163,FIVESTAR,Financial Services,Finance,223.56,Five-Star Business Finance Limited
164,GAIL,Energy,Gas,1571.45,GAIL (India) Limited
165,GMMPFAUDLR,Industrials,Industrial Manufacturing,65.28,GMM Pfaudler Limited
166,GMRINFRA,Services,Transport Infrastructure,1071.95,GMR Airports Infrastructure Limited
167,FEDERALBNK,Financial Services,Banks,491.82,The Federal Bank  Limited
168,GRSE,Industrials,Aerospace & Defense,269.23,Garden Reach Shipbuilders & Engineers Limited
169,GICRE,Financial Services,Insurance,722.73,General Insurance Corporation of India
170,GLAND,Healthcare,Pharmaceuticals & Biotechnology,349.87,Gland Pharma Limited
171,GILLETTE,Fast Moving Consumer Goods,Personal Products,258.79,Gillette India Limited
172,GLAXO,Healthcare,Pharmaceuticals & Biotechnology,467.26,GlaxoSmithKline Pharmaceuticals Limited
173,GLENMARK,Healthcare,Pharmaceuticals & Biotechnology,405.7,Glenmark Pharmaceuticals Limited
174,GLS,Healthcare,Pharmaceuticals & Biotechnology,110.61,Glenmark Life Sciences Limited
175,MEDANTA,Healthcare,Healthcare Services,328.16,Global Health Limited
176,GPIL,Industrials,Industrial Products,152.21,Godawari Power And Ispat limited
177,GODREJCP,Fast Moving Consumer Goods,Personal Products,1503.8,Godrej Consumer Products Limited
178,GODFRYPHLP,Fast Moving Consumer Goods,Cigarettes & Tobacco Products,220.73,Godfrey Phillips India Limited
179,GODREJIND,Diversified,Diversified,320.21,Godrej Industries Limited
180,GODREJPROP,Consumer Discretionary,Realty,869.54,Godrej Properties Limited
181,GRAPHITE,Industrials,Industrial Products,103.37,Graphite India Limited
182,GRASIM,Commodities,Cement & Cement Products,1822.01,Grasim Industries Limited
183,GRANULES,Healthcare,Pharmaceuticals & Biotechnology,153.06,Granules India Limited
184,GESHIP,Services,Transport Services,194.53,The Great Eastern Shipping Company Limited
185,GAEL,Fast Moving Consumer Goods,Agricultural Food & other Products,62.99,Gujarat Ambuja Exports Limited
186,FLUOROCHEM,Commodities,Chemicals & Petrochemicals,372.89,Gujarat Fluorochemicals Limited
187,GRINDWELL,Industrials,Industrial Products,284.72,Grindwell Norton Limited
188,GMDCLTD,Commodities,Minerals & Mining,127.36,Gujarat Mineral Development Corporation Limited
189,GNFC,Commodities,Chemicals & Petrochemicals,103.37,Gujarat Narmada Valley Fertilizers and Chemicals Limited
190,GUJGASLTD,Energy,Gas,452.41,Gujarat Gas Limited
191,GPPL,Services,Transport Infrastructure,112.1,Gujarat Pipavav Port Limited
192,GSFC,Commodities,Fertilizers & Agrochemicals,95.88,Gujarat State Fertilizers & Chemicals Limited
193,HEG,Industrials,Industrial Products,85.78,HEG Limited
194,GSPL,Energy,Gas,191.92,Gujarat State Petronet Limited
195,HBLPOWER,Consumer Discretionary,Auto Components,168.01,HBL Power Systems Limited
196,HDFCBANK,Financial Services,Banks,12478.02,HDFC Bank Limited
197,HCLTECH,Information Technology,IT - Software,4451.9,HCL Technologies Limited
198,HDFCAMC,Financial Services,Capital Markets,893.37,HDFC Asset Management Company Limited
199,HDFCLIFE,Financial Services,Insurance,1534.94,HDFC Life Insurance Company Limited
200,HFCL,Telecommunication,Telecom - Services,193.85,HFCL Limited
201,HAPPSTMNDS,Information Technology,IT - Software,123.78,Happiest Minds Technologies Limited
202,HAPPYFORGE,Industrials,Industrial Products,118.9,Happy Forgings Limited
203,HAVELLS,Consumer Discretionary,Consumer Durables,1152.31,Havells India Limited
204,HEROMOTOCO,Consumer Discretionary,Automobiles,1074.0,Hero MotoCorp Limited
205,HINDALCO,Commodities,Non - Ferrous Metals,1513.5,Hindalco Industries Limited
206,HSCL,Commodities,Chemicals & Petrochemicals,220.97,Himadri Speciality Chemical Limited
207,HAL,Industrials,Aerospace & Defense,3219.01,Hindustan Aeronautics Limited
208,HINDCOPPER,Commodities,Non - Ferrous Metals,308.96,Hindustan Copper Limited
209,HINDPETRO,Energy,Petroleum Products,832.83,Hindustan Petroleum Corporation Limited
210,HINDZINC,Commodities,Non - Ferrous Metals,2736.32,Hindustan Zinc Limited
211,HINDUNILVR,Fast Moving Consumer Goods,Diversified FMCG,6380.43,Hindustan Unilever Limited
212,POWERINDIA,Industrials,Electrical Equipment,525.2,Hitachi Energy India Limited
213,HOMEFIRST,Financial Services,Finance,91.28,Home First Finance Company India Limited
214,HONASA,Fast Moving Consumer Goods,Personal Products,149.91,Honasa Consumer Limited
215,HONAUT,Industrials,Industrial Manufacturing,478.51,Honeywell Automation India Limited
216,HUDCO,Financial Services,Finance,612.68,Housing & Urban Development Corporation Limited
217,ICICIGI,Financial Services,Insurance,989.03,ICICI Lombard General Insurance Company Limited
218,ICICIBANK,Financial Services,Banks,8517.85,ICICI Bank Limited
219,ICICIPRULI,Financial Services,Insurance,1059.41,ICICI Prudential Life Insurance Company Limited
220,ISEC,Financial Services,Capital Markets,249.33,ICICI Securities Limited
221,IDBI,Financial Services,Banks,1075.35,IDBI Bank Limited
222,IDFCFIRSTB,Financial Services,Banks,563.83,IDFC First Bank Limited
223,IIFL,Financial Services,Finance,193.77,IIFL Finance Limited
224,IDFC,Financial Services,Finance,177.63,IDFC Limited
225,IRB,Industrials,Construction,394.23,IRB Infrastructure Developers Limited
226,IRCON,Industrials,Construction,270.07,Ircon International Limited
227,ITC,Fast Moving Consumer Goods,Diversified FMCG,6169.21,ITC Limited
228,ITI,Telecommunication,Telecom - Equipment & Accessories,292.4,ITI Limited
229,INDIAMART,Consumer Discretionary,Retailing,170.83,Indiamart Intermesh Limited
230,INDIACEM,Commodities,Cement & Cement Products,112.59,The India Cements Limited
231,INDIANB,Financial Services,Banks,802.32,Indian Bank
232,IEX,Financial Services,Capital Markets,169.81,Indian Energy Exchange Limited
233,INDHOTEL,Consumer Discretionary,Leisure Services,899.82,The Indian Hotels Company Limited
234,IOC,Energy,Petroleum Products,2538.01,Indian Oil Corporation Limited
235,IOB,Financial Services,Banks,1259.66,Indian Overseas Bank
236,IRCTC,Consumer Discretionary,Leisure Services,784.4,Indian Railway Catering And Tourism Corporation Limited
237,INDIGOPNTS,Consumer Discretionary,Consumer Durables,71.56,Indigo Paints Limited
238,IRFC,Financial Services,Finance,2480.14,Indian Railway Finance Corporation Limited
239,INDUSTOWER,Telecommunication,Telecom - Services,1155.45,Indus Towers Limited
240,IGL,Energy,Gas,379.16,Indraprastha Gas Limited
241,INDUSINDBK,Financial Services,Banks,1105.67,IndusInd Bank Limited
242,NAUKRI,Consumer Discretionary,Retailing,893.33,Info Edge (India) Limited
243,INFY,Information Technology,IT - Software,7692.05,Infosys Limited
244,INOXWIND,Industrials,Electrical Equipment,232.1,Inox Wind Limited
245,INTELLECT,Information Technology,IT - Software,131.12,Intellect Design Arena Limited
246,INDIGO,Services,Transport Services,1700.8,InterGlobe Aviation Limited
247,IPCALAB,Healthcare,Pharmaceuticals & Biotechnology,331.03,IPCA Laboratories Limited
248,JBCHEPHARM,Healthcare,Pharmaceuticals & Biotechnology,296.85,JB Chemicals & Pharmaceuticals Limited
249,JKCEMENT,Commodities,Cement & Cement Products,341.66,JK Cement Limited
250,JBMA,Consumer Discretionary,Auto Components,239.3,JBM Auto Limited
251,JKLAKSHMI,Commodities,Cement & Cement Products,101.36,JK Lakshmi Cement Limited
252,JKPAPER,Commodities,Paper Forest & Jute Products,83.65,JK Paper Limited
253,JSWENERGY,Utilities,Power,1271.76,JSW Energy Limited
254,JMFINANCIL,Financial Services,Finance,99.14,JM Financial Limited
255,JSWINFRA,Services,Transport Infrastructure,696.68,JSW Infrastructure Limited
256,JSWSTEEL,Commodities,Ferrous Metals,2285.4,JSW Steel Limited
257,JAIBALAJI,Commodities,Ferrous Metals,164.94,Jai Balaji Industries Limited
258,JINDALSAW,Industrials,Industrial Products,206.96,Jindal Saw Limited
259,JSL,Commodities,Ferrous Metals,606.34,Jindal Stainless Limited
260,JINDALSTEL,Commodities,Ferrous Metals,1003.05,Jindal Steel & Power Limited
261,JUBLINGREA,Commodities,Chemicals & Petrochemicals,97.57,Jubilant Ingrevia Limited
262,JUBLFOOD,Consumer Discretionary,Leisure Services,396.34,Jubilant Foodworks Limited
263,JIOFIN,Financial Services,Finance,2088.32,Jio Financial Services Limited
264,JUBLPHARMA,Healthcare,Pharmaceuticals & Biotechnology,137.97,Jubilant Pharmova Limited
265,JUSTDIAL,Consumer Discretionary,Retailing,103.7,Just Dial Limited
266,JYOTHYLAB,Fast Moving Consumer Goods,Household Products,191.44,Jyothy Labs Limited
267,JWL,Industrials,Industrial Manufacturing,254.59,Jupiter Wagons Limited
268,KPRMILL,Consumer Discretionary,Textiles & Apparels,294.71,K.P.R. Mill Limited
269,KEI,Industrials,Industrial Products,391.08,KEI Industries Limited
270,KNRCON,Industrials,Construction,110.24,KNR Constructions Limited
271,KPITTECH,Information Technology,IT - Software,504.55,KPIT Technologies Limited
272,KRBL,Fast Moving Consumer Goods,Agricultural Food & other Products,67.47,KRBL Limited
273,KAJARIACER,Consumer Discretionary,Consumer Durables,233.85,Kajaria Ceramics Limited
274,KSB,Industrials,Industrial Products,169.04,Ksb Limited
275,KALYANKJIL,Consumer Discretionary,Consumer Durables,581.99,Kalyan Jewellers India Limited
276,KPIL,Industrials,Construction,221.45,Kalpataru Projects International Limited
277,KANSAINER,Consumer Discretionary,Consumer Durables,246.64,Kansai Nerolac Paints Limited
278,KARURVYSYA,Financial Services,Banks,181.63,Karur Vysya Bank Limited
279,KEC,Industrials,Construction,233.14,KEC International Limited
280,KAYNES,Industrials,Industrial Manufacturing,279.85,Kaynes Technology India Limited
281,KFINTECH,Financial Services,Capital Markets,151.62,Kfin Technologies Limited
282,KOTAKBANK,Financial Services,Banks,3564.0,Kotak Mahindra Bank Limited
283,KIMS,Healthcare,Healthcare Services,171.4,Krishna Institute of Medical Sciences Limited
284,LTTS,Information Technology,IT - Services,542.11,L&T Technology Services Limited
285,LICHSGFIN,Financial Services,Finance,416.7,LIC Housing Finance Limited
286,LTF,Financial Services,Finance,439.96,L&T Finance Limited
287,LTIM,Information Technology,IT - Software,1681.94,LTIMindtree Limited
288,LATENTVIEW,Information Technology,IT - Software,104.97,Latent View Analytics Limited
289,LT,Industrials,Construction,5195.96,Larsen & Toubro Limited
290,LAURUSLABS,Healthcare,Pharmaceuticals & Biotechnology,243.57,Laurus Labs Limited
291,LXCHEM,Commodities,Chemicals & Petrochemicals,70.22,Laxmi Organic Industries Limited
292,LICI,Financial Services,Insurance,7458.12,Life Insurance Corporation Of India
293,LLOYDSME,Commodities,Ferrous Metals,406.68,Lloyds Metals And Energy Limited
294,LEMONTREE,Consumer Discretionary,Leisure Services,116.08,Lemon Tree Hotels Limited
295,LINDEINDIA,Commodities,Chemicals & Petrochemicals,697.36,Linde India Limited
296,MTARTECH,Industrials,Aerospace & Defense,58.07,Mtar Technologies Limited
297,LUPIN,Healthcare,Pharmaceuticals & Biotechnology,890.76,Lupin Limited
298,MRF,Consumer Discretionary,Auto Components,594.89,MRF Limited
299,MMTC,Services,Commercial Services & Supplies,163.57,MMTC Limited
300,MGL,Energy,Gas,180.22,Mahanagar Gas Limited
301,LODHA,Consumer Discretionary,Realty,1267.22,Macrotech Developers Limited
302,MAHSEAMLES,Industrials,Industrial Products,87.01,Maharashtra Seamless Limited
303,M&MFIN,Financial Services,Finance,378.63,Mahindra & Mahindra Financial Services Limited
304,M&M,Consumer Discretionary,Automobiles,3517.2,Mahindra & Mahindra Limited
305,MHRIL,Consumer Discretionary,Leisure Services,90.38,Mahindra Holidays & Resorts India Limited
306,MAHLIFE,Consumer Discretionary,Realty,94.43,Mahindra Lifespace Developers Limited
307,MANAPPURAM,Financial Services,Finance,180.87,Manappuram Finance Limited
308,MRPL,Energy,Petroleum Products,387.76,Mangalore Refinery and Petrochemicals Limited
309,MANKIND,Healthcare,Pharmaceuticals & Biotechnology,803.17,Mankind Pharma Limited
310,MARICO,Fast Moving Consumer Goods,Agricultural Food & other Products,873.75,Marico Limited
311,MARUTI,Consumer Discretionary,Automobiles,4200.12,Maruti Suzuki India Limited
312,MFSL,Financial Services,Insurance,380.68,Max Financial Services Limited
313,MAXHEALTH,Healthcare,Healthcare Services,898.05,Max Healthcare Institute Limited
314,MAZDOCK,Industrials,Industrial Manufacturing,1030.16,Mazagon Dock Shipbuilders Limited
315,MEDPLUS,Consumer Discretionary,Retailing,81.54,Medplus Health Services Limited
316,MASTEK,Information Technology,IT - Software,88.6,Mastek Limited
317,METROBRAND,Consumer Discretionary,Consumer Durables,367.87,Metro Brands Limited
318,MINDACORP,Consumer Discretionary,Auto Components,123.11,Minda Corporation Limited
319,MSUMI,Consumer Discretionary,Auto Components,324.07,Motherson Sumi Wiring India Limited
320,METROPOLIS,Healthcare,Healthcare Services,106.81,Metropolis Healthcare Limited
321,MOTILALOFS,Financial Services,Capital Markets,389.61,Motilal Oswal Financial Services Limited
322,NATCOPHARM,Healthcare,Pharmaceuticals & Biotechnology,243.95,Natco Pharma Limited
323,MUTHOOTFIN,Financial Services,Finance,748.47,Muthoot Finance Limited
324,MCX,Financial Services,Capital Markets,223.4,Multi Commodity Exchange of India Limited
325,MPHASIS,Information Technology,IT - Software,539.86,MphasiS Limited
326,NCC,Industrials,Construction,217.52,NCC Limited
327,NHPC,Utilities,Power,1055.23,NHPC Limited
328,NBCC,Industrials,Construction,323.08,NBCC (India) Limited
329,NLCINDIA,Utilities,Power,394.08,NLC India Limited
330,NSLNISP,Commodities,Ferrous Metals,169.51,NMDC Steel Limited
331,NMDC,Commodities,Minerals & Mining,711.35,NMDC Limited
332,NTPC,Utilities,Power,4106.05,NTPC Limited
333,NH,Healthcare,Healthcare Services,256.01,Narayana Hrudayalaya Ltd.
334,NATIONALUM,Commodities,Non - Ferrous Metals,354.05,National Aluminium Company Limited
335,NAVINFLUOR,Commodities,Chemicals & Petrochemicals,182.71,Navin Fluorine International Limited
336,NESTLEIND,Fast Moving Consumer Goods,Food Products,2394.97,Nestle India Limited
337,NETWORK18,Consumer Discretionary,Entertainment,98.06,Network18 Media & Investments Limited
338,NAM-INDIA,Financial Services,Capital Markets,415.86,Nippon Life India Asset Management Limited
339,NUVAMA,Financial Services,Capital Markets,235.24,Nuvama Wealth Management Limited
340,NUVOCO,Commodities,Cement & Cement Products,123.72,Nuvoco Vistas Corporation Limited
341,OBEROIRLTY,Consumer Discretionary,Realty,668.77,Oberoi Realty Limited
342,ONGC,Energy,Oil,4299.31,Oil & Natural Gas Corporation Limited
343,OIL,Energy,Oil,974.42,Oil India Limited
344,OLECTRA,Consumer Discretionary,Automobiles,139.16,Olectra Greentech Limited
345,PAYTM,Financial Services,Financial Technology (Fintech),316.13,One 97 Communications Limited
346,OFSS,Information Technology,IT - Software,946.13,Oracle Financial Services Software Limited
347,POLICYBZR,Financial Services,Financial Technology (Fintech),657.26,PB Fintech Limited
348,PCBL,Commodities,Chemicals & Petrochemicals,130.92,PCBL LIMITED
349,PIIND,Commodities,Fertilizers & Agrochemicals,669.48,PI Industries Limited
350,PNCINFRA,Industrials,Construction,127.13,PNC Infratech Limited
351,PNBHOUSING,Financial Services,Finance,210.26,PNB Housing Finance Limited
352,PAGEIND,Consumer Discretionary,Textiles & Apparels,468.62,Page Industries Limited
353,PVRINOX,Consumer Discretionary,Entertainment,146.33,PVR INOX Limited
354,PATANJALI,Fast Moving Consumer Goods,Agricultural Food & other Products,623.46,Patanjali Foods Limited
355,PERSISTENT,Information Technology,IT - Software,741.77,Persistent Systems Limited
356,PETRONET,Energy,Gas,551.63,Petronet LNG Limited
357,PHOENIXLTD,Consumer Discretionary,Realty,644.65,The Phoenix Mills Limited
358,PEL,Financial Services,Finance,230.69,Piramal Enterprises Limited
359,PIDILITIND,Commodities,Chemicals & Petrochemicals,1587.52,Pidilite Industries Limited
360,PPLPHARMA,Healthcare,Pharmaceuticals & Biotechnology,229.69,Piramal Pharma Limited
361,POLYCAB,Industrials,Industrial Products,1018.79,Polycab India Limited
362,POLYMED,Healthcare,Healthcare Equipment & Supplies,176.83,Poly Medicure Limited
363,PFC,Financial Services,Finance,1791.46,Power Finance Corporation Limited
364,POONAWALLA,Financial Services,Finance,279.47,Poonawalla Fincorp Limited
365,POWERGRID,Utilities,Power,3358.45,Power Grid Corporation of India Limited
366,PRAJIND,Industrials,Industrial Manufacturing,128.17,Praj Industries Limited
367,PRSMJOHNSN,Commodities,Cement & Cement Products,82.42,Prism Johnson Limited
368,PRESTIGE,Consumer Discretionary,Realty,703.65,Prestige Estates Projects Limited
369,PRINCEPIPE,Industrials,Industrial Products,71.41,Prince Pipes And Fittings Limited
370,PGHH,Fast Moving Consumer Goods,Personal Products,545.73,Procter & Gamble Hygiene and Health Care Limited
371,QUESS,Services,Commercial Services & Supplies,104.18,Quess Corp Limited
372,RRKABEL,Industrials,Industrial Products,196.33,R R Kabel Limited
373,RBLBANK,Financial Services,Banks,140.16,RBL Bank Limited
374,PNB,Financial Services,Banks,1353.8,Punjab National Bank
375,RECLTD,Financial Services,Finance,1646.29,REC Limited
376,RHIM,Industrials,Industrial Products,124.11,RHI MAGNESITA INDIA LIMITED
377,RADICO,Fast Moving Consumer Goods,Beverages,228.77,Radico Khaitan Limited
378,RITES,Industrials,Construction,173.43,RITES Limited
379,RVNL,Industrials,Construction,1241.63,Rail Vikas Nigam Limited
380,RAILTEL,Telecommunication,Telecom - Services,159.31,Railtel Corporation Of India Limited
381,RAJESHEXPO,Consumer Discretionary,Consumer Durables,91.07,Rajesh Exports Limited
382,RKFORGE,Consumer Discretionary,Auto Components,153.26,Ramkrishna Forgings Limited
383,RAINBOW,Healthcare,Healthcare Services,121.31,Rainbow Childrens Medicare Limited
384,RCF,Commodities,Fertilizers & Agrochemicals,119.36,Rashtriya Chemicals and Fertilizers Limited
385,RTNINDIA,Consumer Discretionary,Retailing,107.91,RattanIndia Enterprises Limited
386,RATNAMANI,Industrials,Industrial Products,254.38,Ratnamani Metals & Tubes Limited
387,REDINGTON,Services,Commercial Services & Supplies,158.95,Redington Limited
388,RAYMOND,Consumer Discretionary,Realty,132.89,Raymond Limited
389,RELIANCE,Energy,Petroleum Products,20504.48,Reliance Industries Limited
390,RBA,Consumer Discretionary,Leisure Services,55.19,Restaurant Brands Asia Limited
391,ROUTE,Telecommunication,Telecom - Services,102.24,ROUTE MOBILE LIMITED
392,SBICARD,Financial Services,Finance,685.21,SBI Cards and Payment Services Limited
393,SKFINDIA,Industrials,Industrial Products,280.9,SKF India Limited
394,SBILIFE,Financial Services,Insurance,1770.04,SBI Life Insurance Company Limited
395,SJVN,Utilities,Power,575.75,SJVN Limited
396,SRF,Commodities,Chemicals & Petrochemicals,778.09,SRF Limited
397,SANOFI,Healthcare,Pharmaceuticals & Biotechnology,151.86,Sanofi India Limited
398,SAFARI,Consumer Discretionary,Consumer Durables,102.69,Safari Industries (India) Limited
399,MOTHERSON,Consumer Discretionary,Auto Components,1330.21,Samvardhana Motherson International Limited
400,SAMMAANCAP,Financial Services,Finance,84.44,Sammaan Capital Limited
401,SAPPHIRE,Consumer Discretionary,Leisure Services,108.11,Sapphire Foods India Limited
402,SCHAEFFLER,Consumer Discretionary,Auto Components,650.79,Schaeffler India Limited
403,SAREGAMA,Consumer Discretionary,Entertainment,103.52,Saregama India Limited
404,SCHNEIDER,Industrials,Electrical Equipment,192.17,Schneider Electric Infrastructure Limited
405,SHREECEM,Commodities,Cement & Cement Products,1001.91,SHREE CEMENT LIMITED
406,SHRIRAMFIN,Financial Services,Finance,1123.75,Shriram Finance Limited
407,RENUKA,Fast Moving Consumer Goods,Agricultural Food & other Products,103.89,Shree Renuka Sugars Limited
408,SHYAMMETL,Industrials,Industrial Products,206.49,Shyam Metalics and Energy Limited
409,SOBHA,Consumer Discretionary,Realty,191.25,Sobha Limited
410,SIEMENS,Industrials,Electrical Equipment,2503.1,Siemens Limited
411,SIGNATURE,Consumer Discretionary,Realty,203.53,Signatureglobal (India) Limited
412,SONATSOFTW,Information Technology,IT - Software,186.24,Sonata Software Limited
413,SOLARINDS,Commodities,Chemicals & Petrochemicals,970.05,Solar Industries India Limited
414,SONACOMS,Consumer Discretionary,Auto Components,394.42,Sona BLW Precision Forgings Limited
415,SAIL,Commodities,Ferrous Metals,619.7,Steel Authority of India Limited
416,SBIN,Financial Services,Banks,7698.82,State Bank of India
417,SWSOLAR,Industrials,Construction,157.98,Sterling and Wilson Renewable Energy Limited
418,STLTECH,Telecommunication,Telecom - Equipment & Accessories,66.38,Sterlite Technologies Limited
419,SUNTV,Consumer Discretionary,Entertainment,350.77,Sun TV Network Limited
420,SUNPHARMA,Healthcare,Pharmaceuticals & Biotechnology,4115.34,Sun Pharmaceutical Industries Limited
421,SUMICHEM,Commodities,Fertilizers & Agrochemicals,256.39,Sumitomo Chemical India Limited
422,SPARC,Healthcare,Pharmaceuticals & Biotechnology,73.74,Sun Pharma Advanced Research Company Limited
423,SUNDRMFAST,Consumer Discretionary,Auto Components,293.83,Sundram Fasteners Limited
424,SUNDARMFIN,Financial Services,Finance,480.88,Sundaram Finance Limited
425,SUNTECK,Consumer Discretionary,Realty,86.68,Sunteck Realty Limited
426,SUVENPHAR,Healthcare,Pharmaceuticals & Biotechnology,252.1,Suven Pharmaceuticals Limited
427,SUZLON,Industrials,Electrical Equipment,926.22,Suzlon Energy Limited
428,SUPREMEIND,Industrials,Industrial Products,666.2,Supreme Industries Limited
429,SWANENERGY,Diversified,Diversified,228.56,Swan Energy Limited
430,TV18BRDCST,Consumer Discretionary,Entertainment,79.07,TV18 Broadcast Limited
431,SYNGENE,Healthcare,Healthcare Services,333.5,Syngene International Limited
432,SYRMA,Industrials,Industrial Manufacturing,88.93,Syrma SGS Technology Limited
433,TVSMOTOR,Consumer Discretionary,Automobiles,1227.72,TVS Motor Company Limited
434,TVSSCS,Services,Transport Services,84.6,TVS Supply Chain Solutions Limited
435,TMB,Financial Services,Banks,72.16,Tamilnad Mercantile Bank Limited
436,TANLA,Information Technology,IT - Software,131.43,Tanla Platforms Limited
437,TATACHEM,Commodities,Chemicals & Petrochemicals,281.19,Tata Chemicals Limited
438,TATACOMM,Telecommunication,Telecom - Services,561.69,Tata Communications Limited
439,TCS,Information Technology,IT - Software,15909.09,Tata Consultancy Services Limited
440,TATACONSUM,Fast Moving Consumer Goods,Agricultural Food & other Products,1195.64,TATA CONSUMER PRODUCTS LIMITED
441,TATAELXSI,Information Technology,IT - Software,432.38,Tata Elxsi Limited
442,TATAINVEST,Financial Services,Finance,317.76,Tata Investment Corporation Limited
443,TATAMOTORS,Consumer Discretionary,Automobiles,3804.74,Tata Motors Limited
444,TATAMTRDVR,Consumer Discretionary,Automobiles,398.44,Tata Motors Limited
445,TATAPOWER,Utilities,Power,1483.92,Tata Power Company Limited
446,TATASTEEL,Commodities,Ferrous Metals,2035.56,Tata Steel Limited
447,TTML,Telecommunication,Telecom - Services,181.89,Tata Teleservices (Maharashtra) Limited
448,TATATECH,Information Technology,IT - Services,403.8,Tata Technologies Limited
449,TEJASNET,Telecommunication,Telecom - Equipment & Accessories,210.41,Tejas Networks Limited
450,TECHM,Information Technology,IT - Software,1510.71,Tech Mahindra Limited
451,NIACL,Financial Services,Insurance,461.19,The New India Assurance Company Limited
452,RAMCOCEM,Commodities,Cement & Cement Products,194.96,The Ramco Cements Limited
453,THERMAX,Industrials,Electrical Equipment,617.25,Thermax Limited
454,TIMKEN,Industrials,Industrial Products,325.37,Timken India Limited
455,TITAGARH,Industrials,Industrial Manufacturing,211.3,TITAGARH RAIL SYSTEMS LIMITED
456,TITAN,Consumer Discretionary,Consumer Durables,3079.15,Titan Company Limited
457,TORNTPHARM,Healthcare,Pharmaceuticals & Biotechnology,1084.72,Torrent Pharmaceuticals Limited
458,TORNTPOWER,Utilities,Power,878.23,Torrent Power Limited
459,TRIDENT,Consumer Discretionary,Textiles & Apparels,195.79,Trident Limited
460,TRIVENI,Fast Moving Consumer Goods,Agricultural Food & other Products,91.01,Triveni Engineering & Industries Limited
461,TRENT,Consumer Discretionary,Retailing,2051.45,Trent Limited
462,TRITURBINE,Industrials,Electrical Equipment,192.17,Triveni Turbine Limited
463,UNOMINDA,Consumer Discretionary,Auto Components,596.59,UNO Minda Limited
464,TIINDIA,Consumer Discretionary,Auto Components,791.04,Tube Investments of India Limited
465,UJJIVANSFB,Financial Services,Banks,87.24,Ujjivan Small Finance Bank Limited
466,UTIAMC,Financial Services,Capital Markets,131.06,UTI Asset Management Company Limited
467,UPL,Commodities,Fertilizers & Agrochemicals,420.68,UPL Limited
468,ULTRACEMCO,Commodities,Cement & Cement Products,3459.89,UltraTech Cement Limited
469,UNIONBANK,Financial Services,Banks,1032.52,Union Bank of India
470,UBL,Fast Moving Consumer Goods,Beverages,529.18,United Breweries Limited
471,UNITDSPR,Fast Moving Consumer Goods,Beverages,1028.29,United Spirits Limited
472,USHAMART,Industrials,Industrial Products,116.09,Usha Martin Limited
473,VGUARD,Consumer Discretionary,Consumer Durables,200.48,V-Guard Industries Limited
474,VIPIND,Consumer Discretionary,Consumer Durables,66.24,VIP Industries Limited
475,VAIBHAVGBL,Consumer Discretionary,Consumer Durables,56.39,Vaibhav Global Limited
476,VTL,Consumer Discretionary,Textiles & Apparels,156.65,Vardhman Textiles Limited
477,VBL,Fast Moving Consumer Goods,Beverages,2047.61,Varun Beverages Limited
478,MANYAVAR,Consumer Discretionary,Retailing,279.32,Vedant Fashions Limited
479,VARROC,Consumer Discretionary,Auto Components,96.19,Varroc Engineering Limited
480,VEDL,Commodities,Diversified Metals,1752.24,Vedanta Limited
481,VIJAYA,Healthcare,Healthcare Services,81.4,Vijaya Diagnostic Centre Limited
482,IDEA,Telecommunication,Telecom - Services,1085.38,Vodafone Idea Limited
483,WELCORP,Industrials,Industrial Products,170.38,Welspun Corp Limited
484,VOLTAS,Consumer Discretionary,Consumer Durables,508.45,Voltas Limited
485,WELSPUNLIV,Consumer Discretionary,Textiles & Apparels,181.53,Welspun Living Limited
486,WESTLIFE,Consumer Discretionary,Leisure Services,126.66,WESTLIFE FOODWORLD LIMITED
487,WHIRLPOOL,Consumer Discretionary,Consumer Durables,270.59,Whirlpool of India Limited
488,WIPRO,Information Technology,IT - Software,2728.01,Wipro Limited
489,YESBANK,Financial Services,Banks,823.6,Yes Bank Limited
490,ZFCVINDIA,Consumer Discretionary,Auto Components,300.19,ZF Commercial Vehicle Control Systems India Limited
491,ZEEL,Consumer Discretionary,Entertainment,136.17,Zee Entertainment Enterprises Limited
492,ZENSARTECH,Information Technology,IT - Software,176.09,Zensar Technologies Limited
493,ZOMATO,Consumer Discretionary,Retailing,2066.31,Zomato Limited
494,ZYDUSLIFE,Healthcare,Pharmaceuticals & Biotechnology,1249.14,Zydus Lifesciences Limited
495,ECLERX,Services,Commercial Services & Supplies,119.78,eClerx Services Limited
